<?xml version="1.0" encoding="utf-8"?>
<bcaster>
<item item_url="images/2.jpg" link="" itemtitle="" />
<item item_url="images/1.jpg" link="" itemtitle="" />
<item item_url="images/3.jpg" link="" itemtitle="" />
<item item_url="images/4.jpg" link="" itemtitle="" />
<item item_url="images/5.jpg" link="" itemtitle="" />
<item item_url="images/6.jpg" link="" itemtitle="" />
<item item_url="images/7.jpg" link="" itemtitle="" />
<item item_url="images/8.jpg" link="" itemtitle="" />
</bcaster>
