<?xml version="1.0" encoding="utf-8" ?><dwsync><file name="bridge.jpg" server="199.230.52.92/public_html/" local="3412348775" remote="12002356052" /><file name="leaf.jpg" server="199.230.52.92/public_html/" local="3412348775" remote="12002356052" /><file name="road.jpg" server="199.230.52.92/public_html/" local="3412348775" remote="12002356052" /><file name="sea.jpg" server="199.230.52.92/public_html/" local="3412348775" remote="12002356052" /><file name="shelter.jpg" server="199.230.52.92/public_html/" local="3412348775" remote="12002356052" /><file name="tree.jpg" server="199.230.52.92/public_html/" local="3412348776" remote="12002356052" /><file name="header_bg.png" server="199.230.52.92/public_html/" local="3412348775" remote="12002356052" /><file name="big_bunny_fake.jpg" server="199.230.52.92/public_html/" local="3412367390" remote="12002356052" /></dwsync>