<?xml version="1.0" encoding="utf-8"?>
<bcaster>
<item item_url="images/23.jpg" link="" itemtitle="" />
<item item_url="images/24.jpg" link="" itemtitle="" />
<item item_url="images/25.jpg" link="" itemtitle="" />
<item item_url="images/26.jpg" link="" itemtitle="" />
<item item_url="images/656.jpg" link="" itemtitle="" />
<item item_url="images/b1.jpg" link="" itemtitle="" />
<item item_url="images/b3.jpg" link="" itemtitle="" />
<item item_url="images/Bathroom_Designs.jpg" link="" itemtitle="" />
<item item_url="images/ewf.jpg" link="" itemtitle="" />
<item item_url="images/fgt.jpg" link="" itemtitle="" />
<item item_url="images/k1.jpg" link="" itemtitle="" />
<item item_url="images/l1.jpg" link="" itemtitle="" />
<item item_url="images/l6.jpg" link="" itemtitle="" />
<item item_url="images/b7.jpg" link="" itemtitle="" />
</bcaster>
